{"bbox/AP": 22.217980948463133, "bbox/AP50": 53.30012674385447, "bbox/AP75": 14.03112640277021, "bbox/APl": NaN, "bbox/APm": 40.21372459313698, "bbox/APs": 14.886878227380784, "data_time": 0.002136905211955309, "eta_seconds": 40.081141071394086, "fast_rcnn/cls_accuracy": 0.86328125, "fast_rcnn/false_negative": 0.46875, "fast_rcnn/fg_cls_accuracy": 0.53125, "iteration": 19, "loss_box_reg": 0.6949371695518494, "loss_cls": 0.39882050454616547, "loss_rpn_cls": 0.0570540614426136, "loss_rpn_loc": 0.034190889447927475, "lr": 1e-06, "roi_head/num_bg_samples": 96.0, "roi_head/num_fg_samples": 32.0, "rpn/num_neg_anchors": 242.0, "rpn/num_pos_anchors": 14.0, "time": 0.22144276835024357, "timetest": 12.0, "total_loss": 1.2315861182287335, "validation_loss": 0.929079166830313}
{"bbox/AP": 22.332175552562624, "bbox/AP50": 53.96262314833383, "bbox/AP75": 14.384262270597404, "bbox/APl": NaN, "bbox/APm": 40.240099842904584, "bbox/APs": 15.045519709439613, "data_time": 0.0022722850553691387, "eta_seconds": 35.44473649375141, "fast_rcnn/cls_accuracy": 0.859375, "fast_rcnn/false_negative": 0.46875, "fast_rcnn/fg_cls_accuracy": 0.53125, "iteration": 39, "loss_box_reg": 0.7459308803081512, "loss_cls": 0.42223745584487915, "loss_rpn_cls": 0.05359727330505848, "loss_rpn_loc": 0.03534642420709133, "lr": 1e-06, "roi_head/num_bg_samples": 96.0, "roi_head/num_fg_samples": 32.0, "rpn/num_neg_anchors": 242.0, "rpn/num_pos_anchors": 14.0, "time": 0.21525033516809344, "timetest": 12.0, "total_loss": 1.2582196556031704, "validation_loss": 0.9255433866685275}
{"bbox/AP": 22.288187659248628, "bbox/AP50": 54.25681859741174, "bbox/AP75": 14.341270113264626, "bbox/APl": NaN, "bbox/APm": 39.98460464912076, "bbox/APs": 15.182567819910139, "data_time": 0.0023026918061077595, "eta_seconds": 29.901740178465843, "fast_rcnn/cls_accuracy": 0.8671875, "fast_rcnn/false_negative": 0.4375, "fast_rcnn/fg_cls_accuracy": 0.5625, "iteration": 59, "loss_box_reg": 0.7192137837409973, "loss_cls": 0.39703474938869476, "loss_rpn_cls": 0.04545809514820576, "loss_rpn_loc": 0.03121291007846594, "lr": 1e-06, "roi_head/num_bg_samples": 96.0, "roi_head/num_fg_samples": 32.0, "rpn/num_neg_anchors": 242.0, "rpn/num_pos_anchors": 14.0, "time": 0.206038068048656, "timetest": 12.0, "total_loss": 1.2041223207488656, "validation_loss": 0.9220076065067421}
{"bbox/AP": 22.52336508806721, "bbox/AP50": 54.9020576200412, "bbox/AP75": 14.701036781362022, "bbox/APl": NaN, "bbox/APm": 40.214078985887866, "bbox/APs": 15.28872329816349, "data_time": 0.0022387211211025715, "eta_seconds": 25.66035859286785, "fast_rcnn/cls_accuracy": 0.8671875, "fast_rcnn/false_negative": 0.484375, "fast_rcnn/fg_cls_accuracy": 0.515625, "iteration": 79, "loss_box_reg": 0.7110743522644043, "loss_cls": 0.4047289490699768, "loss_rpn_cls": 0.027149615809321404, "loss_rpn_loc": 0.03086400218307972, "lr": 1e-06, "roi_head/num_bg_samples": 96.0, "roi_head/num_fg_samples": 32.0, "rpn/num_neg_anchors": 242.0, "rpn/num_pos_anchors": 14.0, "time": 0.21256307838484645, "timetest": 12.0, "total_loss": 1.2040960947051644, "validation_loss": 0.9167192933349799}
{"bbox/AP": 22.199425594641344, "bbox/AP50": 54.311076580578366, "bbox/AP75": 13.675521449088912, "bbox/APl": NaN, "bbox/APm": 39.616204817835225, "bbox/APs": 15.181072464674788, "data_time": 0.002235257066786289, "eta_seconds": 21.70832344610244, "fast_rcnn/cls_accuracy": 0.8828125, "fast_rcnn/false_negative": 0.4084051724137931, "fast_rcnn/fg_cls_accuracy": 0.5915948275862069, "iteration": 99, "loss_box_reg": 0.722349613904953, "loss_cls": 0.3656226694583893, "loss_rpn_cls": 0.04634280689060688, "loss_rpn_loc": 0.030040639452636242, "lr": 1e-06, "roi_head/num_bg_samples": 96.0, "roi_head/num_fg_samples": 32.0, "rpn/num_neg_anchors": 242.0, "rpn/num_pos_anchors": 14.0, "time": 0.22587167378515005, "timetest": 12.0, "total_loss": 1.1637699836865067, "validation_loss": 0.9114309801632178}
{"bbox/AP": 22.157239214457665, "bbox/AP50": 54.81669631011494, "bbox/AP75": 13.567852501151966, "bbox/APl": NaN, "bbox/APm": 39.1435523469022, "bbox/APs": 15.138103968869085, "data_time": 0.002202681265771389, "eta_seconds": 17.55821688612923, "fast_rcnn/cls_accuracy": 0.87890625, "fast_rcnn/false_negative": 0.45089285714285715, "fast_rcnn/fg_cls_accuracy": 0.5491071428571428, "iteration": 119, "loss_box_reg": 0.6695387065410614, "loss_cls": 0.3454606533050537, "loss_rpn_cls": 0.031538172625005245, "loss_rpn_loc": 0.028920193202793598, "lr": 1e-06, "roi_head/num_bg_samples": 96.0, "roi_head/num_fg_samples": 32.0, "rpn/num_neg_anchors": 242.0, "rpn/num_pos_anchors": 14.0, "time": 0.22021554317325354, "timetest": 12.0, "total_loss": 1.1460492918267846, "validation_loss": 0.90975603454836}
{"bbox/AP": 21.976869864278953, "bbox/AP50": 54.27989326935183, "bbox/AP75": 13.804323323465113, "bbox/APl": NaN, "bbox/APm": 38.737434902497775, "bbox/APs": 15.238892639546034, "data_time": 0.002145480364561081, "eta_seconds": 13.342264287173748, "fast_rcnn/cls_accuracy": 0.87109375, "fast_rcnn/false_negative": 0.4375, "fast_rcnn/fg_cls_accuracy": 0.5625, "iteration": 139, "loss_box_reg": 0.7610039114952087, "loss_cls": 0.4038163274526596, "loss_rpn_cls": 0.03891539201140404, "loss_rpn_loc": 0.029047825373709202, "lr": 1e-06, "roi_head/num_bg_samples": 96.0, "roi_head/num_fg_samples": 32.0, "rpn/num_neg_anchors": 242.0, "rpn/num_pos_anchors": 14.0, "time": 0.2268638457171619, "timetest": 12.0, "total_loss": 1.2192535032518208, "validation_loss": 0.9080810889335021}
{"bbox/AP": 22.073423675176063, "bbox/AP50": 54.36579989868102, "bbox/AP75": 14.583489264247193, "bbox/APl": NaN, "bbox/APm": 38.58358267802008, "bbox/APs": 15.328024189193748, "data_time": 0.0021857470273971558, "eta_seconds": 9.006427616346627, "fast_rcnn/cls_accuracy": 0.875, "fast_rcnn/false_negative": 0.4510416666666667, "fast_rcnn/fg_cls_accuracy": 0.5489583333333333, "iteration": 159, "loss_box_reg": 0.6901339888572693, "loss_cls": 0.39691324532032013, "loss_rpn_cls": 0.0593749824911356, "loss_rpn_loc": 0.038566989824175835, "lr": 1e-06, "roi_head/num_bg_samples": 96.0, "roi_head/num_fg_samples": 32.0, "rpn/num_neg_anchors": 242.0, "rpn/num_pos_anchors": 14.0, "time": 0.22693026764318347, "timetest": 12.0, "total_loss": 1.1686339303851128, "validation_loss": 0.9031450609248595}
{"bbox/AP": 21.922577072315786, "bbox/AP50": 54.25557487767978, "bbox/AP75": 14.568081102312922, "bbox/APl": NaN, "bbox/APm": 38.31257823272083, "bbox/APs": 15.264829801715088, "data_time": 0.002244509756565094, "eta_seconds": 4.609853157307953, "fast_rcnn/cls_accuracy": 0.86328125, "fast_rcnn/false_negative": 0.46875, "fast_rcnn/fg_cls_accuracy": 0.53125, "iteration": 179, "loss_box_reg": 0.7060856521129608, "loss_cls": 0.3526793271303177, "loss_rpn_cls": 0.04012931138277054, "loss_rpn_loc": 0.02854076959192753, "lr": 1e-06, "roi_head/num_bg_samples": 96.0, "roi_head/num_fg_samples": 32.0, "rpn/num_neg_anchors": 242.0, "rpn/num_pos_anchors": 14.0, "time": 0.21283254539594054, "timetest": 12.0, "total_loss": 1.1612417353317142, "validation_loss": 0.8982090329162168}
{"bbox/AP": 21.564019648010554, "bbox/AP50": 53.336386870325235, "bbox/AP75": 14.29450199657338, "bbox/APl": NaN, "bbox/APm": 37.37564051489706, "bbox/APs": 15.181328813845804, "data_time": 0.0021376879885792732, "eta_seconds": 0.2193777826614678, "fast_rcnn/cls_accuracy": 0.8671875, "fast_rcnn/false_negative": 0.4375, "fast_rcnn/fg_cls_accuracy": 0.5625, "iteration": 199, "loss_box_reg": 0.7010938227176666, "loss_cls": 0.3605094850063324, "loss_rpn_cls": 0.03901384957134724, "loss_rpn_loc": 0.029131106100976467, "lr": 1e-06, "roi_head/num_bg_samples": 96.0, "roi_head/num_fg_samples": 32.0, "rpn/num_neg_anchors": 242.0, "rpn/num_pos_anchors": 14.0, "time": 0.21883463161066175, "timetest": 12.0, "total_loss": 1.1573428129777312, "validation_loss": 0.8980501669753647}
