{"bbox/AP": 22.38067331404747, "bbox/AP50": 53.930072086359715, "bbox/AP75": 14.041842909175333, "bbox/APl": NaN, "bbox/APm": 40.2862419804275, "bbox/APs": 15.028647683899282, "data_time": 0.0021302355453372, "eta_seconds": 41.67013320676051, "fast_rcnn/cls_accuracy": 0.87109375, "fast_rcnn/false_negative": 0.46875, "fast_rcnn/fg_cls_accuracy": 0.53125, "iteration": 19, "loss_box_reg": 0.7190551161766052, "loss_cls": 0.33696605265140533, "loss_rpn_cls": 0.02315337024629116, "loss_rpn_loc": 0.033727942034602165, "lr": 1e-06, "roi_head/num_bg_samples": 96.0, "roi_head/num_fg_samples": 32.0, "rpn/num_neg_anchors": 242.5, "rpn/num_pos_anchors": 13.5, "time": 0.23022173042409122, "timetest": 12.0, "total_loss": 1.104701017960906, "validation_loss": 0.8964563731706406}
{"bbox/AP": 22.256847019866587, "bbox/AP50": 53.3843663795574, "bbox/AP75": 14.330170158875502, "bbox/APl": NaN, "bbox/APm": 40.31707769759857, "bbox/APs": 14.974180167451232, "data_time": 0.002180967014282942, "eta_seconds": 37.1522948788479, "fast_rcnn/cls_accuracy": 0.87109375, "fast_rcnn/false_negative": 0.46875, "fast_rcnn/fg_cls_accuracy": 0.53125, "iteration": 39, "loss_box_reg": 0.7168364524841309, "loss_cls": 0.3441779166460037, "loss_rpn_cls": 0.024707339704036713, "loss_rpn_loc": 0.029016811400651932, "lr": 1e-06, "roi_head/num_bg_samples": 96.0, "roi_head/num_fg_samples": 32.0, "rpn/num_neg_anchors": 242.5, "rpn/num_pos_anchors": 13.5, "time": 0.23148026503622532, "timetest": 12.0, "total_loss": 1.1461234274320304, "validation_loss": 0.8960475628225641}
{"bbox/AP": 22.21969314465525, "bbox/AP50": 53.4449882046394, "bbox/AP75": 14.258168519633635, "bbox/APl": NaN, "bbox/APm": 39.99950991009136, "bbox/APs": 15.095245606367142, "data_time": 0.0021887090988457203, "eta_seconds": 32.64134737662971, "fast_rcnn/cls_accuracy": 0.87109375, "fast_rcnn/false_negative": 0.40625, "fast_rcnn/fg_cls_accuracy": 0.59375, "iteration": 59, "loss_box_reg": 0.7208166718482971, "loss_cls": 0.32423684000968933, "loss_rpn_cls": 0.02029414102435112, "loss_rpn_loc": 0.027776790782809258, "lr": 1e-06, "roi_head/num_bg_samples": 96.0, "roi_head/num_fg_samples": 32.0, "rpn/num_neg_anchors": 242.5, "rpn/num_pos_anchors": 13.5, "time": 0.23261097958311439, "timetest": 12.0, "total_loss": 1.123155734501779, "validation_loss": 0.8956387524744875}
{"bbox/AP": 22.19520250264062, "bbox/AP50": 53.43826534058771, "bbox/AP75": 14.3755574722341, "bbox/APl": NaN, "bbox/APm": 40.013794916723995, "bbox/APs": 15.034033791701496, "data_time": 0.0025219598319381475, "eta_seconds": 28.29217038396746, "fast_rcnn/cls_accuracy": 0.8671875, "fast_rcnn/false_negative": 0.46875, "fast_rcnn/fg_cls_accuracy": 0.53125, "iteration": 79, "loss_box_reg": 0.7142732739448547, "loss_cls": 0.3451797664165497, "loss_rpn_cls": 0.02822036948055029, "loss_rpn_loc": 0.03197266720235348, "lr": 1e-06, "roi_head/num_bg_samples": 96.0, "roi_head/num_fg_samples": 32.0, "rpn/num_neg_anchors": 242.5, "rpn/num_pos_anchors": 13.5, "time": 0.24122377834282815, "timetest": 12.0, "total_loss": 1.1154699553735554, "validation_loss": 0.8940043940808153}
{"bbox/AP": 22.32468370094123, "bbox/AP50": 54.18581246360503, "bbox/AP75": 14.408927094869162, "bbox/APl": NaN, "bbox/APm": 40.15014593831764, "bbox/APs": 15.162216229786582, "data_time": 0.0022791060619056225, "eta_seconds": 23.563589218305424, "fast_rcnn/cls_accuracy": 0.875, "fast_rcnn/false_negative": 0.40625, "fast_rcnn/fg_cls_accuracy": 0.59375, "iteration": 99, "loss_box_reg": 0.7251482605934143, "loss_cls": 0.3427414447069168, "loss_rpn_cls": 0.01797773316502571, "loss_rpn_loc": 0.028279423713684082, "lr": 1e-06, "roi_head/num_bg_samples": 96.0, "roi_head/num_fg_samples": 32.0, "rpn/num_neg_anchors": 242.5, "rpn/num_pos_anchors": 13.5, "time": 0.22551387012936175, "timetest": 12.0, "total_loss": 1.1444115033373237, "validation_loss": 0.8923700356871431}
{"bbox/AP": 22.33195168064461, "bbox/AP50": 54.14841977658698, "bbox/AP75": 14.354773031263768, "bbox/APl": NaN, "bbox/APm": 40.099123276399986, "bbox/APs": 15.094304344739234, "data_time": 0.0022760762367397547, "eta_seconds": 18.73093996848911, "fast_rcnn/cls_accuracy": 0.8515625, "fast_rcnn/false_negative": 0.484375, "fast_rcnn/fg_cls_accuracy": 0.515625, "iteration": 119, "loss_box_reg": 0.7245956659317017, "loss_cls": 0.3301536440849304, "loss_rpn_cls": 0.016182182356715202, "loss_rpn_loc": 0.0276539484038949, "lr": 1e-06, "roi_head/num_bg_samples": 96.0, "roi_head/num_fg_samples": 32.0, "rpn/num_neg_anchors": 242.5, "rpn/num_pos_anchors": 13.5, "time": 0.22518883692100644, "timetest": 12.0, "total_loss": 1.1072152541019022, "validation_loss": 0.8918958222805355}
{"bbox/AP": 22.231576448120684, "bbox/AP50": 53.46888399464662, "bbox/AP75": 14.551775954641627, "bbox/APl": NaN, "bbox/APm": 39.771281305950666, "bbox/APs": 15.189906523230649, "data_time": 0.002329508075490594, "eta_seconds": 14.111333629582077, "fast_rcnn/cls_accuracy": 0.875, "fast_rcnn/false_negative": 0.46875, "fast_rcnn/fg_cls_accuracy": 0.53125, "iteration": 139, "loss_box_reg": 0.7066222429275513, "loss_cls": 0.32482925057411194, "loss_rpn_cls": 0.022156029008328915, "loss_rpn_loc": 0.02850213460624218, "lr": 1e-06, "roi_head/num_bg_samples": 96.0, "roi_head/num_fg_samples": 32.0, "rpn/num_neg_anchors": 242.5, "rpn/num_pos_anchors": 13.5, "time": 0.2313797757960856, "timetest": 12.0, "total_loss": 1.1366727366112173, "validation_loss": 0.8914216088739281}
{"bbox/AP": 22.029867438272806, "bbox/AP50": 54.10649880265962, "bbox/AP75": 13.583559656059363, "bbox/APl": NaN, "bbox/APm": 39.04643215328038, "bbox/APs": 15.223016631643551, "data_time": 0.0021995026618242264, "eta_seconds": 9.499153827317059, "fast_rcnn/cls_accuracy": 0.859375, "fast_rcnn/false_negative": 0.46875, "fast_rcnn/fg_cls_accuracy": 0.53125, "iteration": 159, "loss_box_reg": 0.7372128665447235, "loss_cls": 0.3618389368057251, "loss_rpn_cls": 0.025467051193118095, "loss_rpn_loc": 0.03429587744176388, "lr": 1e-06, "roi_head/num_bg_samples": 96.0, "roi_head/num_fg_samples": 32.0, "rpn/num_neg_anchors": 242.5, "rpn/num_pos_anchors": 13.5, "time": 0.2337297189515084, "timetest": 12.0, "total_loss": 1.1587628424167633, "validation_loss": 0.891054125497063}
{"bbox/AP": 22.1095764276621, "bbox/AP50": 54.12827178257215, "bbox/AP75": 14.054967369136554, "bbox/APl": NaN, "bbox/APm": 38.86718725448466, "bbox/APs": 15.32367343278449, "data_time": 0.0022072482388466597, "eta_seconds": 4.880626045865938, "fast_rcnn/cls_accuracy": 0.8671875, "fast_rcnn/false_negative": 0.46875, "fast_rcnn/fg_cls_accuracy": 0.53125, "iteration": 179, "loss_box_reg": 0.6391996145248413, "loss_cls": 0.32980455458164215, "loss_rpn_cls": 0.019106187857687473, "loss_rpn_loc": 0.028126204386353493, "lr": 1e-06, "roi_head/num_bg_samples": 96.0, "roi_head/num_fg_samples": 32.0, "rpn/num_neg_anchors": 242.5, "rpn/num_pos_anchors": 13.5, "time": 0.23980053863488138, "timetest": 12.0, "total_loss": 0.9942662538960576, "validation_loss": 0.8906866421201979}
{"bbox/AP": 22.025382704628623, "bbox/AP50": 54.28066756323682, "bbox/AP75": 13.688773238670404, "bbox/APl": NaN, "bbox/APm": 38.6211351264737, "bbox/APs": 15.367757761585462, "data_time": 0.0023214544635266066, "eta_seconds": 0.23258326947689056, "fast_rcnn/cls_accuracy": 0.86328125, "fast_rcnn/false_negative": 0.484375, "fast_rcnn/fg_cls_accuracy": 0.515625, "iteration": 199, "loss_box_reg": 0.6618063449859619, "loss_cls": 0.29053424298763275, "loss_rpn_cls": 0.0205703042447567, "loss_rpn_loc": 0.025787541642785072, "lr": 1e-06, "roi_head/num_bg_samples": 96.0, "roi_head/num_fg_samples": 32.0, "rpn/num_neg_anchors": 242.5, "rpn/num_pos_anchors": 13.5, "time": 0.23381302040070295, "timetest": 12.0, "total_loss": 0.9898811047896743, "validation_loss": 0.8894469198965045}
