{"bbox/AP": 22.235203183964366, "bbox/AP50": 53.28505231540886, "bbox/AP75": 14.041758823664335, "bbox/APl": NaN, "bbox/APm": 40.26987337656857, "bbox/APs": 14.866097845743036, "data_time": 0.002179558854550123, "eta_seconds": 41.92430157912895, "fast_rcnn/cls_accuracy": 0.8671875, "fast_rcnn/false_negative": 0.453125, "fast_rcnn/fg_cls_accuracy": 0.546875, "iteration": 19, "loss_box_reg": 0.763367235660553, "loss_cls": 0.4154961407184601, "loss_rpn_cls": 0.036572083830833435, "loss_rpn_loc": 0.03767598979175091, "lr": 1e-06, "roi_head/num_bg_samples": 96.0, "roi_head/num_fg_samples": 32.0, "rpn/num_neg_anchors": 244.0, "rpn/num_pos_anchors": 12.0, "time": 0.23162597557529807, "timetest": 12.0, "total_loss": 1.269671969115734, "validation_loss": 0.900895269010905}
{"bbox/AP": 22.498695093642166, "bbox/AP50": 54.2311694009375, "bbox/AP75": 14.805030289051807, "bbox/APl": NaN, "bbox/APm": 40.23013025333648, "bbox/APs": 15.31986118651931, "data_time": 0.0022135283797979355, "eta_seconds": 37.29178206762299, "fast_rcnn/cls_accuracy": 0.86328125, "fast_rcnn/false_negative": 0.4375, "fast_rcnn/fg_cls_accuracy": 0.5625, "iteration": 39, "loss_box_reg": 0.7382276058197021, "loss_cls": 0.4474713057279587, "loss_rpn_cls": 0.08526550978422165, "loss_rpn_loc": 0.0380877461284399, "lr": 1e-06, "roi_head/num_bg_samples": 96.0, "roi_head/num_fg_samples": 32.0, "rpn/num_neg_anchors": 244.0, "rpn/num_pos_anchors": 12.0, "time": 0.23106528399512172, "timetest": 12.0, "total_loss": 1.2959226495586336, "validation_loss": 0.8911031774708933}
{"bbox/AP": 22.359403194893964, "bbox/AP50": 54.19639610167685, "bbox/AP75": 14.797581564165505, "bbox/APl": NaN, "bbox/APm": 40.244825231700396, "bbox/APs": 15.14181546776909, "data_time": 0.002109421882778406, "eta_seconds": 31.99741119844839, "fast_rcnn/cls_accuracy": 0.875, "fast_rcnn/false_negative": 0.4375, "fast_rcnn/fg_cls_accuracy": 0.5625, "iteration": 59, "loss_box_reg": 0.6302988529205322, "loss_cls": 0.4046339988708496, "loss_rpn_cls": 0.05036143399775028, "loss_rpn_loc": 0.03294265829026699, "lr": 1e-06, "roi_head/num_bg_samples": 96.0, "roi_head/num_fg_samples": 32.0, "rpn/num_neg_anchors": 244.0, "rpn/num_pos_anchors": 12.0, "time": 0.21415237337350845, "timetest": 12.0, "total_loss": 1.1741412952542305, "validation_loss": 0.8872984767005284}
{"bbox/AP": 22.426099843809745, "bbox/AP50": 54.8113140226855, "bbox/AP75": 14.644671804173633, "bbox/APl": NaN, "bbox/APm": 40.01928856495011, "bbox/APs": 15.251115060161318, "data_time": 0.0021143928170204163, "eta_seconds": 27.299687808845192, "fast_rcnn/cls_accuracy": 0.859375, "fast_rcnn/false_negative": 0.4375, "fast_rcnn/fg_cls_accuracy": 0.5625, "iteration": 79, "loss_box_reg": 0.7177184522151947, "loss_cls": 0.4684390127658844, "loss_rpn_cls": 0.053604502230882645, "loss_rpn_loc": 0.033571504056453705, "lr": 1e-06, "roi_head/num_bg_samples": 96.0, "roi_head/num_fg_samples": 32.0, "rpn/num_neg_anchors": 244.0, "rpn/num_pos_anchors": 12.0, "time": 0.21642272919416428, "timetest": 12.0, "total_loss": 1.3009426891803741, "validation_loss": 0.889347554121537}
{"bbox/AP": 22.34506656608849, "bbox/AP50": 55.28342385892461, "bbox/AP75": 13.549572528501965, "bbox/APl": NaN, "bbox/APm": 39.5615124545633, "bbox/APs": 15.25825166599946, "data_time": 0.0021758051589131355, "eta_seconds": 22.901208702474833, "fast_rcnn/cls_accuracy": 0.875, "fast_rcnn/false_negative": 0.390625, "fast_rcnn/fg_cls_accuracy": 0.609375, "iteration": 99, "loss_box_reg": 0.702124297618866, "loss_cls": 0.3978496491909027, "loss_rpn_cls": 0.03265835903584957, "loss_rpn_loc": 0.02665769401937723, "lr": 1e-06, "roi_head/num_bg_samples": 96.0, "roi_head/num_fg_samples": 32.0, "rpn/num_neg_anchors": 244.0, "rpn/num_pos_anchors": 12.0, "time": 0.23297113366425037, "timetest": 12.0, "total_loss": 1.2282529706135392, "validation_loss": 0.8872984767005284}
{"bbox/AP": 22.0143655876635, "bbox/AP50": 54.16263782624888, "bbox/AP75": 13.723632856623908, "bbox/APl": NaN, "bbox/APm": 38.883397864260175, "bbox/APs": 15.3231918453414, "data_time": 0.002173281740397215, "eta_seconds": 18.27499762410298, "fast_rcnn/cls_accuracy": 0.87109375, "fast_rcnn/false_negative": 0.375, "fast_rcnn/fg_cls_accuracy": 0.625, "iteration": 119, "loss_box_reg": 0.7539274990558624, "loss_cls": 0.4391607642173767, "loss_rpn_cls": 0.030986061319708824, "loss_rpn_loc": 0.030823353677988052, "lr": 1e-06, "roi_head/num_bg_samples": 96.0, "roi_head/num_fg_samples": 32.0, "rpn/num_neg_anchors": 244.0, "rpn/num_pos_anchors": 12.0, "time": 0.21438305545598269, "timetest": 12.0, "total_loss": 1.2494582794606686, "validation_loss": 0.884304781315705}
{"bbox/AP": 22.039796635374294, "bbox/AP50": 54.1411442305088, "bbox/AP75": 14.135731722672562, "bbox/APl": NaN, "bbox/APm": 38.73344049467512, "bbox/APs": 15.322497840079286, "data_time": 0.002104327082633972, "eta_seconds": 13.80837907642126, "fast_rcnn/cls_accuracy": 0.86328125, "fast_rcnn/false_negative": 0.4375, "fast_rcnn/fg_cls_accuracy": 0.5625, "iteration": 139, "loss_box_reg": 0.7340599596500397, "loss_cls": 0.42801277339458466, "loss_rpn_cls": 0.06126618757843971, "loss_rpn_loc": 0.03383204713463783, "lr": 1e-06, "roi_head/num_bg_samples": 96.0, "roi_head/num_fg_samples": 32.0, "rpn/num_neg_anchors": 244.0, "rpn/num_pos_anchors": 12.0, "time": 0.23379114922136068, "timetest": 12.0, "total_loss": 1.2881015818566084, "validation_loss": 0.8819826656842025}
{"bbox/AP": 21.857247280181006, "bbox/AP50": 54.072238435133116, "bbox/AP75": 14.18062005388914, "bbox/APl": NaN, "bbox/APm": 38.26007575907514, "bbox/APs": 15.22013710240015, "data_time": 0.0023362869396805763, "eta_seconds": 9.301119283773005, "fast_rcnn/cls_accuracy": 0.8671875, "fast_rcnn/false_negative": 0.4375, "fast_rcnn/fg_cls_accuracy": 0.5625, "iteration": 159, "loss_box_reg": 0.7069885432720184, "loss_cls": 0.37459151446819305, "loss_rpn_cls": 0.03905992582440376, "loss_rpn_loc": 0.034554122015833855, "lr": 1e-06, "roi_head/num_bg_samples": 96.0, "roi_head/num_fg_samples": 32.0, "rpn/num_neg_anchors": 244.0, "rpn/num_pos_anchors": 12.0, "time": 0.2296620230190456, "timetest": 12.0, "total_loss": 1.1754273939877748, "validation_loss": 0.8816468758075421}
{"bbox/AP": 21.653724920303166, "bbox/AP50": 53.145716744691555, "bbox/AP75": 14.097061551344984, "bbox/APl": NaN, "bbox/APm": 37.40393880895172, "bbox/APs": 15.276763783419653, "data_time": 0.0023176702670753, "eta_seconds": 4.748735052533448, "fast_rcnn/cls_accuracy": 0.87890625, "fast_rcnn/false_negative": 0.4375, "fast_rcnn/fg_cls_accuracy": 0.5625, "iteration": 179, "loss_box_reg": 0.7628202438354492, "loss_cls": 0.39111094176769257, "loss_rpn_cls": 0.04171394743025303, "loss_rpn_loc": 0.03149305284023285, "lr": 1e-06, "roi_head/num_bg_samples": 96.0, "roi_head/num_fg_samples": 32.0, "rpn/num_neg_anchors": 244.0, "rpn/num_pos_anchors": 12.0, "time": 0.21946322452276945, "timetest": 12.0, "total_loss": 1.2167131248861551, "validation_loss": 0.8813110859308817}
{"bbox/AP": 21.378513155110575, "bbox/AP50": 53.16496534598082, "bbox/AP75": 13.379282795339225, "bbox/APl": NaN, "bbox/APm": 37.05772245880194, "bbox/APs": 15.082046660203277, "data_time": 0.0022820448502898216, "eta_seconds": 0.2268845969811082, "fast_rcnn/cls_accuracy": 0.8671875, "fast_rcnn/false_negative": 0.453125, "fast_rcnn/fg_cls_accuracy": 0.546875, "iteration": 199, "loss_box_reg": 0.6535683274269104, "loss_cls": 0.32758811116218567, "loss_rpn_cls": 0.03019789047539234, "loss_rpn_loc": 0.02658109087496996, "lr": 1e-06, "roi_head/num_bg_samples": 96.0, "roi_head/num_fg_samples": 32.0, "rpn/num_neg_anchors": 244.0, "rpn/num_pos_anchors": 12.0, "time": 0.22853329638019204, "timetest": 12.0, "total_loss": 1.0269574094563723, "validation_loss": 0.8816468758075421}
