{"bbox/AP": 22.34369376284325, "bbox/AP50": 53.91289453685702, "bbox/AP75": 13.987796008277734, "bbox/APl": NaN, "bbox/APm": 40.266682776272745, "bbox/APs": 15.068263923703206, "data_time": 0.002210301114246249, "eta_seconds": 38.82197959301993, "fast_rcnn/cls_accuracy": 0.85546875, "fast_rcnn/false_negative": 0.46875, "fast_rcnn/fg_cls_accuracy": 0.53125, "iteration": 19, "loss_box_reg": 0.5886246562004089, "loss_cls": 0.43418818712234497, "loss_rpn_cls": 0.05534618720412254, "loss_rpn_loc": 0.03205779753625393, "lr": 1e-06, "roi_head/num_bg_samples": 96.0, "roi_head/num_fg_samples": 32.0, "rpn/num_neg_anchors": 243.0, "rpn/num_pos_anchors": 13.0, "time": 0.21448607509955764, "timetest": 12.0, "total_loss": 1.162576608825475, "validation_loss": 0.9121362683018764}
{"bbox/AP": 22.3448792998414, "bbox/AP50": 53.92468577015334, "bbox/AP75": 14.395121033875826, "bbox/APl": NaN, "bbox/APm": 40.22282607622251, "bbox/APs": 15.123518833214833, "data_time": 0.0021859819535166025, "eta_seconds": 36.01992373820394, "fast_rcnn/cls_accuracy": 0.86328125, "fast_rcnn/false_negative": 0.5, "fast_rcnn/fg_cls_accuracy": 0.5, "iteration": 39, "loss_box_reg": 0.7857808172702789, "loss_cls": 0.4616372734308243, "loss_rpn_cls": 0.04574267379939556, "loss_rpn_loc": 0.04516165889799595, "lr": 1e-06, "roi_head/num_bg_samples": 96.0, "roi_head/num_fg_samples": 32.0, "rpn/num_neg_anchors": 243.0, "rpn/num_pos_anchors": 13.0, "time": 0.22612802661024034, "timetest": 12.0, "total_loss": 1.3642478566616774, "validation_loss": 0.9066583347062542}
{"bbox/AP": 22.337616179440904, "bbox/AP50": 53.93969548440003, "bbox/AP75": 14.050209482441463, "bbox/APl": NaN, "bbox/APm": 40.26330044288469, "bbox/APs": 15.100195937561544, "data_time": 0.0021175050642341375, "eta_seconds": 40.2551704198122, "fast_rcnn/cls_accuracy": 0.8515625, "fast_rcnn/false_negative": 0.5, "fast_rcnn/fg_cls_accuracy": 0.5, "iteration": 19, "loss_box_reg": 0.6931350827217102, "loss_cls": 0.4694412648677826, "loss_rpn_cls": 0.06865449249744415, "loss_rpn_loc": 0.036238301545381546, "lr": 1e-06, "roi_head/num_bg_samples": 96.0, "roi_head/num_fg_samples": 32.0, "rpn/num_neg_anchors": 243.0, "rpn/num_pos_anchors": 13.0, "time": 0.22240425646305084, "timetest": 12.0, "total_loss": 1.2709455117583275, "validation_loss": 0.9258116508030145}
{"bbox/AP": 22.48060026079149, "bbox/AP50": 53.94118236777082, "bbox/AP75": 14.789657538476986, "bbox/APl": NaN, "bbox/APm": 40.32703771285276, "bbox/APs": 15.253230036856785, "data_time": 0.0022284574806690216, "eta_seconds": 36.10644639679231, "fast_rcnn/cls_accuracy": 0.85546875, "fast_rcnn/false_negative": 0.46875, "fast_rcnn/fg_cls_accuracy": 0.53125, "iteration": 39, "loss_box_reg": 0.7793274223804474, "loss_cls": 0.4500696361064911, "loss_rpn_cls": 0.06244313344359398, "loss_rpn_loc": 0.03575865924358368, "lr": 1e-06, "roi_head/num_bg_samples": 96.0, "roi_head/num_fg_samples": 32.0, "rpn/num_neg_anchors": 243.0, "rpn/num_pos_anchors": 13.0, "time": 0.2242636422161013, "timetest": 12.0, "total_loss": 1.3792885998263955, "validation_loss": 0.9252509523936837}
{"bbox/AP": 22.381829600299525, "bbox/AP50": 54.20900494011208, "bbox/AP75": 14.79784470676981, "bbox/APl": NaN, "bbox/APm": 40.37565946182268, "bbox/APs": 15.172118900083673, "data_time": 0.0022219715174287558, "eta_seconds": 31.714503295719624, "fast_rcnn/cls_accuracy": 0.87109375, "fast_rcnn/false_negative": 0.4375, "fast_rcnn/fg_cls_accuracy": 0.5625, "iteration": 59, "loss_box_reg": 0.7874578535556793, "loss_cls": 0.42802920937538147, "loss_rpn_cls": 0.03318576142191887, "loss_rpn_loc": 0.033520786091685295, "lr": 1e-06, "roi_head/num_bg_samples": 96.0, "roi_head/num_fg_samples": 32.0, "rpn/num_neg_anchors": 243.0, "rpn/num_pos_anchors": 13.0, "time": 0.2321689249947667, "timetest": 12.0, "total_loss": 1.2713635377585888, "validation_loss": 0.9246902539843529}
{"bbox/AP": 22.34928862067878, "bbox/AP50": 54.254155317112584, "bbox/AP75": 14.693852514180358, "bbox/APl": NaN, "bbox/APm": 40.039379026381596, "bbox/APs": 15.247190086297657, "data_time": 0.0022153761237859726, "eta_seconds": 27.934736902127042, "fast_rcnn/cls_accuracy": 0.8515625, "fast_rcnn/false_negative": 0.5, "fast_rcnn/fg_cls_accuracy": 0.5, "iteration": 79, "loss_box_reg": 0.7147416174411774, "loss_cls": 0.4184458404779434, "loss_rpn_cls": 0.041276151314377785, "loss_rpn_loc": 0.036200741305947304, "lr": 1e-06, "roi_head/num_bg_samples": 96.0, "roi_head/num_fg_samples": 32.0, "rpn/num_neg_anchors": 243.0, "rpn/num_pos_anchors": 13.0, "time": 0.23664383892901242, "timetest": 12.0, "total_loss": 1.2698625233024359, "validation_loss": 0.9184319666830784}
{"bbox/AP": 22.335162408966436, "bbox/AP50": 55.28884670944656, "bbox/AP75": 13.465409494727238, "bbox/APl": NaN, "bbox/APm": 39.5285163596153, "bbox/APs": 15.38532665245493, "data_time": 0.0022041010670363903, "eta_seconds": 22.724925346439704, "fast_rcnn/cls_accuracy": 0.8515625, "fast_rcnn/false_negative": 0.53125, "fast_rcnn/fg_cls_accuracy": 0.46875, "iteration": 99, "loss_box_reg": 0.7368825376033783, "loss_cls": 0.43365563452243805, "loss_rpn_cls": 0.06421959772706032, "loss_rpn_loc": 0.032988712191581726, "lr": 1e-06, "roi_head/num_bg_samples": 96.0, "roi_head/num_fg_samples": 32.0, "rpn/num_neg_anchors": 243.0, "rpn/num_pos_anchors": 13.0, "time": 0.22273633047007024, "timetest": 12.0, "total_loss": 1.3098781183362007, "validation_loss": 0.9156171439419861}
{"bbox/AP": 21.949009487283792, "bbox/AP50": 54.196194852378156, "bbox/AP75": 13.506014676666222, "bbox/APl": NaN, "bbox/APm": 38.595667355578456, "bbox/APs": 15.33239070623782, "data_time": 0.0021062614396214485, "eta_seconds": 18.20744492020458, "fast_rcnn/cls_accuracy": 0.8515625, "fast_rcnn/false_negative": 0.484375, "fast_rcnn/fg_cls_accuracy": 0.515625, "iteration": 119, "loss_box_reg": 0.7359128296375275, "loss_cls": 0.4209592342376709, "loss_rpn_cls": 0.05543629825115204, "loss_rpn_loc": 0.037459952756762505, "lr": 1e-06, "roi_head/num_bg_samples": 96.0, "roi_head/num_fg_samples": 32.0, "rpn/num_neg_anchors": 243.0, "rpn/num_pos_anchors": 13.0, "time": 0.21876159589737654, "timetest": 12.0, "total_loss": 1.2922264263033867, "validation_loss": 0.9138954116618949}
{"bbox/AP": 22.09169680213418, "bbox/AP50": 54.180650334151345, "bbox/AP75": 14.245292173368556, "bbox/APl": NaN, "bbox/APm": 38.89691381567156, "bbox/APs": 15.3114689849573, "data_time": 0.00217968737706542, "eta_seconds": 13.720458872616291, "fast_rcnn/cls_accuracy": 0.859375, "fast_rcnn/false_negative": 0.4375, "fast_rcnn/fg_cls_accuracy": 0.5625, "iteration": 139, "loss_box_reg": 0.7226569354534149, "loss_cls": 0.38595400750637054, "loss_rpn_cls": 0.04191378504037857, "loss_rpn_loc": 0.02729770354926586, "lr": 1e-06, "roi_head/num_bg_samples": 96.0, "roi_head/num_fg_samples": 32.0, "rpn/num_neg_anchors": 243.0, "rpn/num_pos_anchors": 13.0, "time": 0.22820786596275866, "timetest": 12.0, "total_loss": 1.1434026937931776, "validation_loss": 0.9121736793818038}
{"bbox/AP": 22.043565343545364, "bbox/AP50": 54.82151963114915, "bbox/AP75": 14.232347176173935, "bbox/APl": NaN, "bbox/APm": 38.42665275293349, "bbox/APs": 15.286487289690264, "data_time": 0.002277347957715392, "eta_seconds": 9.221947766840458, "fast_rcnn/cls_accuracy": 0.859375, "fast_rcnn/false_negative": 0.484375, "fast_rcnn/fg_cls_accuracy": 0.515625, "iteration": 159, "loss_box_reg": 0.7011548280715942, "loss_cls": 0.3914007991552353, "loss_rpn_cls": 0.03761487640440464, "loss_rpn_loc": 0.03371455334126949, "lr": 1e-06, "roi_head/num_bg_samples": 96.0, "roi_head/num_fg_samples": 32.0, "rpn/num_neg_anchors": 243.0, "rpn/num_pos_anchors": 13.0, "time": 0.2216054298914969, "timetest": 12.0, "total_loss": 1.2327491249889135, "validation_loss": 0.9124858329116845}
{"bbox/AP": 21.543646711562367, "bbox/AP50": 53.27020700816698, "bbox/AP75": 14.166644836676024, "bbox/APl": NaN, "bbox/APm": 37.4422146391069, "bbox/APs": 15.132678759317358, "data_time": 0.0021453723311424255, "eta_seconds": 4.749566267710179,