{"bbox/AP": 22.337401687232354, "bbox/AP50": 53.94124213668896, "bbox/AP75": 14.049899325839938, "bbox/APl": NaN, "bbox/APm": 40.25682106042647, "bbox/APs": 15.101228407992512, "data_time": 0.0021917480044066906, "eta_seconds": 18.30865195649676, "fast_rcnn/cls_accuracy": 0.859375, "fast_rcnn/false_negative": 0.46875, "fast_rcnn/fg_cls_accuracy": 0.53125, "iteration": 19, "loss_box_reg": 0.7731046080589294, "loss_cls": 0.46634721755981445, "loss_rpn_cls": 0.06331266835331917, "loss_rpn_loc": 0.03682356886565685, "lr": 1e-06, "roi_head/num_bg_samples": 96.0, "roi_head/num_fg_samples": 32.0, "rpn/num_neg_anchors": 243.0, "rpn/num_pos_anchors": 13.0, "time": 0.2260327402036637, "timetest": 12.0, "total_loss": 1.3620963338762522, "validation_loss": 0.9287308443620402}
{"bbox/AP": 22.49075862913488, "bbox/AP50": 54.227022436770014, "bbox/AP75": 14.798714744387551, "bbox/APl": NaN, "bbox/APm": 40.259874001698726, "bbox/APs": 15.3050491678515, "data_time": 0.0023530134931206703, "eta_seconds": 13.056143873836845, "fast_rcnn/cls_accuracy": 0.8515625, "fast_rcnn/false_negative": 0.453125, "fast_rcnn/fg_cls_accuracy": 0.546875, "iteration": 39, "loss_box_reg": 0.7419053316116333, "loss_cls": 0.46500182151794434, "loss_rpn_cls": 0.0411041472107172, "loss_rpn_loc": 0.038808371871709824, "lr": 1e-06, "roi_head/num_bg_samples": 96.0, "roi_head/num_fg_samples": 32.0, "rpn/num_neg_anchors": 243.0, "rpn/num_pos_anchors": 13.0, "time": 0.20806238893419504, "timetest": 12.0, "total_loss": 1.3147006714716554, "validation_loss": 0.924571605828681}
{"bbox/AP": 22.33081768422476, "bbox/AP50": 54.21657273873654, "bbox/AP75": 14.765179387590551, "bbox/APl": NaN, "bbox/APm": 40.32422985880923, "bbox/APs": 15.047816391923352, "data_time": 0.0021960705053061247, "eta_seconds": 9.117669377010316, "fast_rcnn/cls_accuracy": 0.85546875, "fast_rcnn/false_negative": 0.4375, "fast_rcnn/fg_cls_accuracy": 0.5625, "iteration": 59, "loss_box_reg": 0.7023826241493225, "loss_cls": 0.4452197253704071, "loss_rpn_cls": 0.05484047904610634, "loss_rpn_loc": 0.036791739985346794, "lr": 1e-06, "roi_head/num_bg_samples": 96.0, "roi_head/num_fg_samples": 32.0, "rpn/num_neg_anchors": 243.0, "rpn/num_pos_anchors": 13.0, "time": 0.23155459691770375, "timetest": 12.0, "total_loss": 1.3197594359517097, "validation_loss": 0.9204123672953217}
{"bbox/AP": 22.390675934406694, "bbox/AP50": 54.785180353767636, "bbox/AP75": 14.42783877065267, "bbox/APl": NaN, "bbox/APm": 40.048837322211874, "bbox/APs": 15.237285370812373, "data_time": 0.0021657668985426426, "eta_seconds": 4.664461528183892, "fast_rcnn/cls_accuracy": 0.8671875, "fast_rcnn/false_negative": 0.4375, "fast_rcnn/fg_cls_accuracy": 0.5625, "iteration": 79, "loss_box_reg": 0.7540202438831329, "loss_cls": 0.3959990590810776, "loss_rpn_cls": 0.05584590137004852, "loss_rpn_loc": 0.03215776290744543, "lr": 1e-06, "roi_head/num_bg_samples": 96.0, "roi_head/num_fg_samples": 32.0, "rpn/num_neg_anchors": 243.0, "rpn/num_pos_anchors": 13.0, "time": 0.22169562755152583, "timetest": 12.0, "total_loss": 1.2675239481031895, "validation_loss": 0.9168240841454648}
{"bbox/AP": 22.337043849786312, "bbox/AP50": 55.26597794331502, "bbox/AP75": 13.543501632844004, "bbox/APl": NaN, "bbox/APm": 39.53596081108216, "bbox/APs": 15.250008234451883, "data_time": 0.002211646642535925, "eta_seconds": 0.22415364882908762, "fast_rcnn/cls_accuracy": 0.8515625, "fast_rcnn/false_negative": 0.453125, "fast_rcnn/fg_cls_accuracy": 0.546875, "iteration": 99, "loss_box_reg": 0.7117973864078522, "loss_cls": 0.3708987981081009, "loss_rpn_cls": 0.02473148051649332, "loss_rpn_loc": 0.026604882441461086, "lr": 1e-06, "roi_head/num_bg_samples": 96.0, "roi_head/num_fg_samples": 32.0, "rpn/num_neg_anchors": 243.0, "rpn/num_pos_anchors": 13.0, "time": 0.23109650751575828, "timetest": 12.0, "total_loss": 1.1727277785539627, "validation_loss": 0.914557306159511}
