{"bbox/AP": 22.331956412468845, "bbox/AP50": 53.93298821631238, "bbox/AP75": 14.033040183766184, "bbox/APl": NaN, "bbox/APm": 40.2862419804275, "bbox/APs": 14.972132637757895, "data_time": 0.0022407369688153267, "eta_seconds": 18.361379944486544, "fast_rcnn/cls_accuracy": 0.85546875, "fast_rcnn/false_negative": 0.5, "fast_rcnn/fg_cls_accuracy": 0.5, "iteration": 19, "loss_box_reg": 0.7397728562355042, "loss_cls": 0.3479544520378113, "loss_rpn_cls": 0.02240032609552145, "loss_rpn_loc": 0.03005180787295103, "lr": 1e-06, "roi_head/num_bg_samples": 96.0, "roi_head/num_fg_samples": 32.0, "rpn/num_neg_anchors": 242.0, "rpn/num_pos_anchors": 14.0, "time": 0.2266837030183524, "timetest": 12.0, "total_loss": 1.1497505512088537, "validation_loss": 0.930898983477869}
{"bbox/AP": 22.213459925579013, "bbox/AP50": 53.36115256110603, "bbox/AP75": 14.00742245134155, "bbox/APl": NaN, "bbox/APm": 40.31473622239379, "bbox/APs": 14.946370160212224, "data_time": 0.0022147325798869133, "eta_seconds": 13.633355293888599, "fast_rcnn/cls_accuracy": 0.84765625, "fast_rcnn/false_negative": 0.53125, "fast_rcnn/fg_cls_accuracy": 0.46875, "iteration": 39, "loss_box_reg": 0.6826505661010742, "loss_cls": 0.292994424700737, "loss_rpn_cls": 0.01566913165152073, "loss_rpn_loc": 0.025655080564320087, "lr": 1e-06, "roi_head/num_bg_samples": 96.0, "roi_head/num_fg_samples": 32.0, "rpn/num_neg_anchors": 242.0, "rpn/num_pos_anchors": 14.0, "time": 0.2217200354207307, "timetest": 12.0, "total_loss": 1.0496902531012893, "validation_loss": 0.9306761060289894}
{"bbox/AP": 22.246946114364675, "bbox/AP50": 53.40153276228633, "bbox/AP75": 14.243956038944807, "bbox/APl": NaN, "bbox/APm": 39.90774919461701, "bbox/APs": 15.1005574916827, "data_time": 0.002255214611068368, "eta_seconds": 9.446466450113803, "fast_rcnn/cls_accuracy": 0.85546875, "fast_rcnn/false_negative": 0.484375, "fast_rcnn/fg_cls_accuracy": 0.515625, "iteration": 59, "loss_box_reg": 0.6780524253845215, "loss_cls": 0.3313734531402588, "loss_rpn_cls": 0.02340544480830431, "loss_rpn_loc": 0.027886053547263145, "lr": 1e-06, "roi_head/num_bg_samples": 96.0, "roi_head/num_fg_samples": 32.0, "rpn/num_neg_anchors": 242.0, "rpn/num_pos_anchors": 14.0, "time": 0.2401886321604252, "timetest": 12.0, "total_loss": 1.0691821882501245, "validation_loss": 0.9304532285801097}
{"bbox/AP": 22.239962528605783, "bbox/AP50": 53.41175625644655, "bbox/AP75": 14.374133290732155, "bbox/APl": NaN, "bbox/APm": 40.0451123293413, "bbox/APs": 15.057127130766467, "data_time": 0.0022843843325972557, "eta_seconds": 4.823660748079419, "fast_rcnn/cls_accuracy": 0.85546875, "fast_rcnn/false_negative": 0.5, "fast_rcnn/fg_cls_accuracy": 0.5, "iteration": 79, "loss_box_reg": 0.736551821231842, "loss_cls": 0.33577676117420197, "loss_rpn_cls": 0.02035642135888338, "loss_rpn_loc": 0.02807934395968914, "lr": 1e-06, "roi_head/num_bg_samples": 96.0, "roi_head/num_fg_samples": 32.0, "rpn/num_neg_anchors": 242.0, "rpn/num_pos_anchors": 14.0, "time": 0.22471592389047146, "timetest": 12.0, "total_loss": 1.1205486496910453, "validation_loss": 0.9294643290251807}
{"bbox/AP": 22.227601093980116, "bbox/AP50": 53.4703017580226, "bbox/AP75": 14.357646373306029, "bbox/APl": NaN, "bbox/APm": 40.0093017905448, "bbox/APs": 15.042186987814555, "data_time": 0.0021862289868295193, "eta_seconds": 0.22816829499788582, "fast_rcnn/cls_accuracy": 0.86328125, "fast_rcnn/false_negative": 0.515625, "fast_rcnn/fg_cls_accuracy": 0.484375, "iteration": 99, "loss_box_reg": 0.7456340789794922, "loss_cls": 0.3824256807565689, "loss_rpn_cls": 0.028276504017412663, "loss_rpn_loc": 0.02983746863901615, "lr": 1e-06, "roi_head/num_bg_samples": 96.0, "roi_head/num_fg_samples": 32.0, "rpn/num_neg_anchors": 242.0, "rpn/num_pos_anchors": 14.0, "time": 0.22370702656917274, "timetest": 12.0, "total_loss": 1.2066741520538926, "validation_loss": 0.9284754294702517}
